,playerID,piece,completion_time,distance,watched_video,percentage_video,piece_look_time,hint,Timestamp,X,Y,Z
0,player0,Beam Pillar,25.963494683854467,3.650074694,TRUE,55,1.3592433464537925,FALSE,2023-11-30 21:40:30,-3.74,1.76,0.25
1,player0,Blade,25.930500688176075,3.668272234673341,TRUE,36,1.8443069771700529,TRUE,2023-11-30 21:41:30,2.81,-2.64,0.22
2,player0,Brace - Inside,19.473371991193694,2.838010597216609,TRUE,90,1,FALSE,2023-11-30 21:42:30,2.56,-0.1,-4.56
3,player0,Brace - Outside,19.41285887727269,3.7872130082821376,FALSE,29,1,FALSE,2023-11-30 21:43:30,0.56,1.71,1.51
4,player0,Cross Beam,13.818365332309615,3.344375415199385,FALSE,96,3.3836831476818556,FALSE,2023-11-30 21:44:30,0.95,0.64,3.11
5,player0,Deck Board,22.47159983522174,2.484109976,TRUE,0,1,TRUE,2023-11-30 21:45:30,1.23,-1.53,0.14
6,player0,Front Stanchion Pole Base,27.42986976280981,2.166798508559747,TRUE,73,4.354949363228853,FALSE,2023-11-30 21:46:30,-2.08,2.67,0.26
7,player0,Front Stanchion Base,11.231059313274528,3.526517946133465,TRUE,55,2.143755344518614,FALSE,2023-11-30 21:47:30,-0.86,1.98,2.3
8,player0,Front Stanchion Cross Piece,10.619449215307906,3.505620626186041,TRUE,91,1.8639927683715174,FALSE,2023-11-30 21:48:30,-1.67,-3.25,-0.1
9,player0,Front Stanchion Fish,26.91664636153381,1.8183806127694604,TRUE,23,5.229279386861533,FALSE,2023-11-30 21:49:30,3.69,4.6,-3.04
10,player0,Front Stanchion Post,21.73997950930775,1.622344383402858,TRUE,9,1.5918219658174177,FALSE,2023-11-30 21:50:30,-2.11,0.68,0.09
11,player0,Front Stancion Base Hole,24.60284531,3.1693218383970114,FALSE,6,3.8324417502442074,FALSE,2023-11-30 21:51:30,-1.61,-1.61,-4.55
12,player0,Gunwale,26.050671888163382,2.1175330169666156,FALSE,6,3.9393736330859896,FALSE,2023-11-30 21:52:30,0.61,-1.45,1.43
13,player0,Hull Mounting,14.254966085663376,2.788433593336686,FALSE,8,2.7182818994545075,FALSE,2023-11-30 21:53:30,0.08,-2.75,-1.24
14,player0,Keel,28.87562944382337,1.013204597215407,FALSE,79,2.130698893936411,TRUE,2023-11-30 21:54:30,3.39,-3.95,-1.12
15,player0,Keelson Mesh,23.787736817050543,2.400623576727008,TRUE,86,6.514536252563234,TRUE,2023-11-30 21:55:30,3.32,-2.46,1.76
16,player0,Knee,26.637130740976264,3.836946893862567,FALSE,41,1,TRUE,2023-11-30 21:56:30,-4.3,3.25,0.68
17,player0,Upper Knee,12.8942039,2.5819108754685307,FALSE,40,4.533102982382339,TRUE,2023-11-30 21:57:30,-1.86,-2.1,1.85
18,player0,Mast,12.951197148938302,3.6658505672529014,TRUE,22,2.5556724785730305,FALSE,2023-11-30 21:58:30,-2.49,-0.8,3.85
19,player0,Mast Lock,22.079860527421847,3.0589710787488142,FALSE,18,7.534699686453138,FALSE,2023-11-30 21:59:30,-0.23,4.53,0.06
20,player0,Mast Stanchion Cross Piece,29.96188897148395,3.554220479813324,FALSE,49,2.4180502552813437,FALSE,2023-11-30 22:00:30,1.95,-1.66,-1.39
21,player0,Mast Stanchion,19.042722807596803,1.581661769,FALSE,17,2.8436852366572625,FALSE,2023-11-30 22:01:30,-1.52,-1.91,0.44
22,player0,Mastfish,19.176997543218796,1.0795685763836729,TRUE,5,3.2142217134365394,TRUE,2023-11-30 22:02:30,-2.84,-4.64,-1.07
23,player0,Mastfish Base,17.25914724417077,2.214512532193029,TRUE,17,1.628590199103606,FALSE,2023-11-30 22:03:30,-1.95,4.54,-3.86
24,player0,Neck,13.835207083711714,3.927904923357719,FALSE,27,7.655354811464111,TRUE,2023-11-30 22:04:30,2.19,0.3,2.07
25,player0,Oar,12.521683738929688,2.3477600512481405,FALSE,16,3.355024630002876,TRUE,2023-11-30 22:05:30,-4.63,-4.59,-4.49
26,player0,Rear Stanchion Base,23.30288531174237,1.0273081762043423,TRUE,18,1,FALSE,2023-11-30 22:06:30,-0.26,-4.55,4.34
27,player0,Rear Stanchion Cross Piece,12.040737730563082,3.5097414405305507,TRUE,96,1.0605555459877358,TRUE,2023-11-30 22:07:30,3.06,4.36,0.27
28,player0,Rear Stanchion Fish,22.816137430082435,1.8191274743227335,TRUE,94,2.8829105509728343,TRUE,2023-11-30 22:08:30,-1.6,2.73,-2.15
29,player0,Rear Stanchion Pole Base,12.210607362431094,2.665938821734087,TRUE,32,2.4342853093569596,TRUE,2023-11-30 22:09:30,4.93,3.27,-4.49
30,player0,Rear Stanchion Post,29.719483260231403,1.2307112626226235,FALSE,86,5.943595308031705,FALSE,2023-11-30 22:10:30,-1.56,0.06,4.09
31,player0,Rear Stancion Base Hole,17.582612069572363,1.5246061601055312,FALSE,65,4.505870295923793,TRUE,2023-11-30 22:11:30,0,2,-4.05
32,player0,Rib,15.232189109527809,2.8340897537595433,FALSE,98,2.5688057626544993,FALSE,2023-11-30 22:12:30,3.19,-1.61,2.03
33,player0,Strake,28.064583288804585,1.733559253316018,TRUE,10,7.764311524743563,FALSE,2023-11-30 22:13:30,0.29,-4.62,0.99
34,player0,Tiller,15.971788965269262,3.749859891875431,TRUE,83,1.361352930954634,TRUE,2023-11-30 22:14:30,-2.47,-4.74,-1.11
35,player1,Beam Pillar,13.777613534292932,3.8625673405603713,FALSE,86,4.710725644159842,TRUE,2023-11-30 21:40:30,4.87,1.77,-1.7
36,player1,Blade,23.502536277267254,3.1318623410873756,TRUE,32,2.4752478756532463,FALSE,2023-11-30 21:41:30,1,1.64,-3.69
37,player1,Brace - Inside,11.883284683780415,1.1283166902423463,TRUE,4,1,FALSE,2023-11-30 21:42:30,-4.6,-3.29,4.37
38,player1,Brace - Outside,11.322184765126975,3.8946673382236003,TRUE,68,8.046067866257388,FALSE,2023-11-30 21:43:30,0.48,0.28,-1.87
39,player1,Cross Beam,15.805441086566454,3.96117051,FALSE,8,2.901235846371632,FALSE,2023-11-30 21:44:30,1.26,-1.19,-4.07
40,player1,Deck Board,24.642808722174294,3.173351393271854,TRUE,44,7.244422182119433,FALSE,2023-11-30 21:45:30,1.93,1.74,4.65
41,player1,Front Stanchion Pole Base,20.062694768469775,3.680655298912761,FALSE,46,2.659659634167472,TRUE,2023-11-30 21:46:30,2.16,-4.03,3.08
42,player1,Front Stanchion Base,29.671062721815915,3.166130080778998,FALSE,8,2.585861468524958,FALSE,2023-11-30 21:47:30,-3.03,-1.55,0.08
43,player1,Front Stanchion Cross Piece,25.54335853136492,2.5030118120969553,TRUE,64,9.123158184775722,FALSE,2023-11-30 21:48:30,3.65,-2.92,1.95
44,player1,Front Stanchion Fish,27.179543296944487,1.4492699041833157,TRUE,98,2.7453224450625764,TRUE,2023-11-30 21:49:30,-3.75,-2.05,-3.5
45,player1,Front Stanchion Post,15.47723527,1.199980399485299,FALSE,15,2.363221817444802,TRUE,2023-11-30 21:50:30,-1.61,2.97,0.75
46,player1,Front Stancion Base Hole,20.873432040169646,2.5035247586155798,TRUE,50,1.3126822709051948,FALSE,2023-11-30 21:51:30,-4.95,-3.22,-4.05
47,player1,Gunwale,17.688370279997304,2.2414408164388515,FALSE,9,1,FALSE,2023-11-30 21:52:30,0.35,-4.75,-2.61
48,player1,Hull Mounting,24.72131579782924,2.0764285154611755,FALSE,64,4.464999613372273,TRUE,2023-11-30 21:53:30,3.28,-2.24,-4.38
49,player1,Keel,12.719803381246324,2.6418412340440045,TRUE,80,7.719502245171496,FALSE,2023-11-30 21:54:30,2.92,-3.82,-0.91
50,player1,Keelson Mesh,20.683482369316444,1.9213909987017443,FALSE,58,3.853991915258271,FALSE,2023-11-30 21:55:30,-0.94,2.81,-1.11
51,player1,Knee,14.590656514991569,3.284559969047007,FALSE,23,1.5867503882893228,TRUE,2023-11-30 21:56:30,-4.29,-1.84,2.29
52,player1,Upper Knee,19.79180860517351,2.9386194912651726,TRUE,67,4.000825256411745,FALSE,2023-11-30 21:57:30,-4.67,-1.49,2.85
53,player1,Mast,19.943454599911764,1.2575721455258848,TRUE,95,2.1875274410654644,TRUE,2023-11-30 21:58:30,-1.71,-3.01,-4.31
54,player1,Mast Lock,16.65530328528842,2.9430797116919294,TRUE,52,1.5629024088853372,FALSE,2023-11-30 21:59:30,-4.22,1.14,3.48
55,player1,Mast Stanchion Cross Piece,23.32187861565894,2.4035695059405002,TRUE,74,1.4165181100765207,FALSE,2023-11-30 22:00:30,-1.34,3.51,-3.2
56,player1,Mast Stanchion,18.395748118499498,1.780158336,TRUE,83,1,TRUE,2023-11-30 22:01:30,4.66,-0.18,0.79
57,player1,Mastfish,12.858582597976982,3.808704028841971,TRUE,48,5.768664818962182,TRUE,2023-11-30 22:02:30,3.84,-3.38,-2.37
58,player1,Mastfish Base,25.531235943002685,1.7159981825274637,FALSE,68,1,TRUE,2023-11-30 22:03:30,0.2,-0.24,0.95
59,player1,Neck,27.700094330359843,3.601718021955654,TRUE,81,2.1137123227361556,TRUE,2023-11-30 22:04:30,-1.21,0.89,2.33
60,player1,Oar,11.16155176762883,3.9159049228944265,TRUE,59,2.901452332675503,FALSE,2023-11-30 22:05:30,-3.08,-0.25,3.4
61,player1,Rear Stanchion Base,20.42371102476851,2.0510772000813278,FALSE,23,2.7923429672426794,FALSE,2023-11-30 22:06:30,-0.13,1.5,0.54
62,player1,Rear Stanchion Cross Piece,12.57099789435719,1.4453921067877937,TRUE,67,3.7140601204263906,FALSE,2023-11-30 22:07:30,4.41,-3.46,-2.46
63,player1,Rear Stanchion Fish,16.893794771714298,1.0308034915190802,TRUE,34,1.8112567281743837,TRUE,2023-11-30 22:08:30,2.8,-2.31,-4.25
64,player1,Rear Stanchion Pole Base,12.734561000696372,3.9134346397604913,FALSE,92,2.1206283060850266,TRUE,2023-11-30 22:09:30,-3.47,3.38,1.41
65,player1,Rear Stanchion Post,25.220071298900468,1.065465356238367,FALSE,62,1.7589248064232992,TRUE,2023-11-30 22:10:30,-1.56,2.52,1.09
66,player1,Rear Stancion Base Hole,12.208542076484918,2.5623024361525664,FALSE,16,1.7845175040278567,FALSE,2023-11-30 22:11:30,3.84,-2.29,-4.74
67,player1,Rib,13.321673195309929,2.050227772,TRUE,0,1.046889474767354,FALSE,2023-11-30 22:12:30,-2.6,2.28,2.73
68,player1,Strake,12.392393966838329,1.432907475,FALSE,53,3.4872952235028274,TRUE,2023-11-30 22:13:30,-2.95,-0.73,4.5
69,player1,Tiller,21.369789250873126,2.8897668425911642,FALSE,11,1,FALSE,2023-11-30 22:14:30,2.81,3.14,4.46
70,player2,Beam Pillar,13.736555032594524,1.6878916279308172,TRUE,35,2.3848199624882316,TRUE,2023-11-30 21:40:30,-4.95,-3.58,-3.82
71,player2,Blade,10.40178780902144,3.065558091,FALSE,18,1,FALSE,2023-11-30 21:41:30,2.22,-4.49,-1.06
72,player2,Brace - Inside,29.04975053955952,1.6743015185888157,TRUE,53,1.3546483845333448,FALSE,2023-11-30 21:42:30,2.15,-2.03,1.62
73,player2,Brace - Outside,21.120759269627754,3.9201173740175834,TRUE,36,8.899015495950572,TRUE,2023-11-30 21:43:30,-4.37,2.43,-2.08
74,player2,Cross Beam,22.81752272911072,1.1028314965070756,TRUE,5,1.6880687276908515,FALSE,2023-11-30 21:44:30,-4.67,1.49,2.77
75,player2,Deck Board,17.32555407594827,1.5076800946132383,FALSE,27,1.4488605206292866,FALSE,2023-11-30 21:45:30,-3.7,4.94,0.16
76,player2,Front Stanchion Pole Base,12.609081347579092,1.081887570504732,FALSE,34,3.020828818315054,TRUE,2023-11-30 21:46:30,3.5,-4.93,-0.8
77,player2,Front Stanchion Base,25.44652684895162,1.768937955802755,FALSE,20,1.4157171895101721,FALSE,2023-11-30 21:47:30,-0.1,-1.35,-4.98
78,player2,Front Stanchion Cross Piece,15.489615756267732,1.1067368010949212,FALSE,3,7.892899479005877,FALSE,2023-11-30 21:48:30,-0.67,2.86,-1.56
79,player2,Front Stanchion Fish,21.912873418211575,1.2614559764393745,FALSE,17,1.677796371642641,TRUE,2023-11-30 21:49:30,1.47,3.91,4.23
80,player2,Front Stanchion Post,26.931868900533654,3.6113807377917917,TRUE,12,1.8180853665640149,TRUE,2023-11-30 21:50:30,-4.37,4.92,1.15
81,player2,Front Stancion Base Hole,28.807914559718153,3.7513055200786676,TRUE,45,1.777259347448354,FALSE,2023-11-30 21:51:30,-0.87,-4.49,-2.26
82,player2,Gunwale,23.36079164994665,3.903493086784769,FALSE,0,7.731648404354859,FALSE,2023-11-30 21:52:30,3.54,-2.47,-2.01
83,player2,Hull Mounting,25.09907048478381,2.8582419164754236,TRUE,65,1.3589997262483615,FALSE,2023-11-30 21:53:30,-0.19,4.78,-3.53
84,player2,Keel,18.555229199654377,3.879587459589344,TRUE,43,3.706903731417346,TRUE,2023-11-30 21:54:30,3.48,2.18,4.1
85,player2,Keelson Mesh,17.231494977975796,2.7481405172788778,FALSE,76,2.8781419691405223,TRUE,2023-11-30 21:55:30,2.77,-2.71,-3.03
86,player2,Knee,25.072650002949295,2.047834006173083,FALSE,40,2.4218806920059093,TRUE,2023-11-30 21:56:30,1.19,-1.95,1.09
87,player2,Upper Knee,14.933587031193596,2.1703320460125126,TRUE,11,1,TRUE,2023-11-30 21:57:30,-4.02,-1.69,-0.47
88,player2,Mast,26.478666934579067,2.5182712786372052,FALSE,68,3.0015035742420437,FALSE,2023-11-30 21:58:30,3.16,-2.99,-3.78
89,player2,Mast Lock,10.946945921805389,1.4824411712821273,TRUE,35,1.360000620092627,TRUE,2023-11-30 21:59:30,-4.89,4.39,3.64
90,player2,Mast Stanchion Cross Piece,24.78594515940751,3.763262976,FALSE,7,1.8960996931313858,FALSE,2023-11-30 22:00:30,3.43,-4.03,3.9
91,player2,Mast Stanchion,14.885658371995731,1.6854210689924707,FALSE,67,2.95845699,TRUE,2023-11-30 22:01:30,2.96,0.89,-0.93
92,player2,Mastfish,24.44754718214346,2.398260460269953,TRUE,83,2.5776588575553263,FALSE,2023-11-30 22:02:30,-1.47,1.57,-4.89
93,player2,Mastfish Base,16.981513921863833,2.358412950289608,TRUE,69,1,FALSE,2023-11-30 22:03:30,2.76,-1.4,2.33
94,player2,Neck,22.395440373798927,3.4924078304109134,TRUE,69,8.097000222408958,FALSE,2023-11-30 22:04:30,-2.56,-3.25,3.92
95,player2,Oar,19.079757920108506,3.791893342859403,TRUE,97,1.2810392530514643,FALSE,2023-11-30 22:05:30,-0.72,3.57,1.59
96,player2,Rear Stanchion Base,13.078392685568636,2.7321707515487232,FALSE,40,1,FALSE,2023-11-30 22:06:30,-3.09,-0.81,4.11
97,player2,Rear Stanchion Cross Piece,25.056773579517625,1.8101641805252937,FALSE,50,3.4344469140662985,FALSE,2023-11-30 22:07:30,4.36,-0.52,2.75
98,player2,Rear Stanchion Fish,12.797452424911501,2.5975636877640658,FALSE,35,2.882415020155978,FALSE,2023-11-30 22:08:30,-2.55,-0.69,-2.55
99,player2,Rear Stanchion Pole Base,29.231502860358216,1.6594519967873267,FALSE,48,4.345415345,TRUE,2023-11-30 22:09:30,0.31,-4.71,-2.01
100,player2,Rear Stanchion Post,12.246246358939523,2.362016586979564,TRUE,34,2.859252045756433,FALSE,2023-11-30 22:10:30,2.03,1.19,4.95
101,player2,Rear Stancion Base Hole,14.300265229658102,1.5589077227333301,TRUE,5,1.8498595284618762,TRUE,2023-11-30 22:11:30,4.25,4.51,-0.97
102,player2,Rib,25.396854236270723,3.126803371251703,FALSE,26,1,FALSE,2023-11-30 22:12:30,0.92,-1.7,1.66
103,player2,Strake,16.187813145097373,3.1562559508482204,FALSE,66,3.9295438478475893,FALSE,2023-11-30 22:13:30,-3.01,-4.59,-2.9
104,player2,Tiller,24.27659803762227,3.9117248337832327,FALSE,61,5.969480186187071,TRUE,2023-11-30 22:14:30,4.28,-2.81,-2.73
105,player3,Beam Pillar,22.20611255799881,1.9080113636198783,TRUE,52,1.953165091435926,TRUE,2023-11-30 21:40:30,2.77,4.4,-4.73
106,player3,Blade,16.966358209338356,3.5096085160674972,FALSE,77,8.637805611,FALSE,2023-11-30 21:41:30,3.64,1.09,-0.22
107,player3,Brace - Inside,11.507510411757263,2.100350428,TRUE,37,5.4206255306440125,FALSE,2023-11-30 21:42:30,-2.44,1.02,0.52
108,player3,Brace - Outside,13.460353623367238,3.0763576400543964,FALSE,75,1,FALSE,2023-11-30 21:43:30,0.73,0.5,3.05
109,player3,Cross Beam,17.103267267802977,2.9590530603866605,TRUE,59,1.0799977435709218,TRUE,2023-11-30 21:44:30,0.94,0.44,2.46
110,player3,Deck Board,20.079273660013115,3.512810580762959,TRUE,50,3.774200152794806,TRUE,2023-11-30 21:45:30,0.83,-2.19,4.48
111,player3,Front Stanchion Pole Base,11.856637670905632,3.5441165935448002,TRUE,5,2.561681580685609,FALSE,2023-11-30 21:46:30,-2.93,3.95,0
112,player3,Front Stanchion Base,18.86830686953774,3.943413615034169,FALSE,1,2.0569223876226426,FALSE,2023-11-30 21:47:30,2.65,3.05,0.01
113,player3,Front Stanchion Cross Piece,24.318134188659677,3.7257605143794366,TRUE,91,3.9058670946066614,FALSE,2023-11-30 21:48:30,3.05,-1.49,0.69
114,player3,Front Stanchion Fish,18.307822862868633,3.0177391469504418,TRUE,3,2.098361112911958,TRUE,2023-11-30 21:49:30,4.78,1.78,-1.1
115,player3,Front Stanchion Post,13.420741811378523,2.458735746237584,FALSE,8,5.788804589,TRUE,2023-11-30 21:50:30,-3.45,-1.29,-3.39
116,player3,Front Stancion Base Hole,28.402482074555518,1.2133226583097936,TRUE,88,3.663369359,TRUE,2023-11-30 21:51:30,-0.1,0.82,1.67
117,player3,Gunwale,29.999999061028742,3.5513856563647717,FALSE,0,3.8092994956015596,TRUE,2023-11-30 21:52:30,-0.42,-2.19,-4.69
118,player3,Hull Mounting,28.51871144699174,2.3544975486962816,FALSE,9,2.632403489746105,TRUE,2023-11-30 21:53:30,-1.01,0.91,-4.21
119,player3,Keel,10.984383190229792,2.183790786626594,FALSE,54,1.1497769617877633,TRUE,2023-11-30 21:54:30,0.48,3.51,-0.66
120,player3,Keelson Mesh,12.326055046904536,2.724485541939165,FALSE,82,6.560722998991472,FALSE,2023-11-30 21:55:30,3.78,4.52,-4.28
121,player3,Knee,15.924552688489689,3.166585923,FALSE,31,1,FALSE,2023-11-30 21:56:30,1.42,0.53,0.14
122,player3,Upper Knee,15.756576746338858,1.7346658945057638,TRUE,47,1.5373131668405517,FALSE,2023-11-30 21:57:30,0.26,3.73,2.35
123,player3,Mast,21.30792781989276,1.5644814207804343,TRUE,89,5.366771801644998,FALSE,2023-11-30 21:58:30,0.14,-2.29,1.42
124,player3,Mast Lock,29.390228651308178,2.3491829608448414,FALSE,84,2.2637303927988883,FALSE,2023-11-30 21:59:30,0.67,1.7,1.4
125,player3,Mast Stanchion Cross Piece,15.519660545687321,2.524269031019256,FALSE,52,5.981366165479127,TRUE,2023-11-30 22:00:30,2.09,4.7,-3.06
126,player3,Mast Stanchion,15.26534359901511,3.7099581598451365,FALSE,2,3.7649181506783034,TRUE,2023-11-30 22:01:30,4.95,0.62,0.5
127,player3,Mastfish,10.352320608665115,1.4065174698414142,TRUE,77,2.7541625474873683,TRUE,2023-11-30 22:02:30,1.72,-2.54,1.55
128,player3,Mastfish Base,13.30435463468942,2.5789813474534355,FALSE,100,6.535860009086719,TRUE,2023-11-30 22:03:30,-1.72,-3.37,1.44
129,player3,Neck,18.178491265299684,1.3524703642830114,TRUE,63,1.738946236887494,FALSE,2023-11-30 22:04:30,0.51,-2.64,-4.29
130,player3,Oar,11.00420338047947,1.0104855444038827,TRUE,33,2.1991289296700716,FALSE,2023-11-30 22:05:30,1.26,-0.19,-0.65
131,player3,Rear Stanchion Base,13.777548082529403,1.7586373872575498,FALSE,7,3.819280199319416,FALSE,2023-11-30 22:06:30,-3,-2.26,-4.71
132,player3,Rear Stanchion Cross Piece,12.434034135960548,2.5878536645494297,TRUE,96,2.400856512260027,TRUE,2023-11-30 22:07:30,0.76,-0.61,2.47
133,player3,Rear Stanchion Fish,19.984314868915927,1.8492486474049161,FALSE,7,1.896307452514677,FALSE,2023-11-30 22:08:30,-3.58,-2.93,0.14
134,player3,Rear Stanchion Pole Base,18.642501107554985,1.0711219328090094,FALSE,91,3.6408714614214475,FALSE,2023-11-30 22:09:30,-2.35,2.15,-1.48
135,player3,Rear Stanchion Post,23.757676817205564,2.443029032462472,TRUE,71,6.027184463095801,FALSE,2023-11-30 22:10:30,-3.15,0.48,-0.61
136,player3,Rear Stancion Base Hole,16.828557232239845,1.580874397861109,TRUE,69,2.465805467436525,TRUE,2023-11-30 22:11:30,3.05,-1.18,4.55
137,player3,Rib,23.94624019599395,1.2556808914771476,FALSE,86,1,TRUE,2023-11-30 22:12:30,2.3,1.79,-0.28
138,player3,Strake,19.648709458805158,3.410002268131491,FALSE,15,1.1412937276026645,TRUE,2023-11-30 22:13:30,-0.94,3.18,3.78
139,player3,Tiller,17.439907802843294,3.685977334964476,FALSE,47,1.3883211586861712,TRUE,2023-11-30 22:14:30,-1.76,-3.35,1.12
140,player4,Beam Pillar,22.380822082715284,1.1008575307490922,FALSE,71,3.8090454803203877,TRUE,2023-11-30 21:40:30,0.86,3.33,1.91
141,player4,Blade,24.236461583998125,3.0645525231996116,FALSE,38,2.9812750587654198,TRUE,2023-11-30 21:41:30,2.87,2.75,4.19
142,player4,Brace - Inside,29.388518290649618,3.474261562625297,TRUE,63,2.2751069796625476,FALSE,2023-11-30 21:42:30,1.4,0.14,3.21
143,player4,Brace - Outside,24.064856232489237,2.983908175,TRUE,32,5.334060332,TRUE,2023-11-30 21:43:30,-2.63,0.03,-2.38
144,player4,Cross Beam,16.537154176622757,1.4296274483033622,TRUE,33,1,TRUE,2023-11-30 21:44:30,-1.7,-3.09,1.48
145,player4,Deck Board,28.79646583287756,2.2105225495630796,TRUE,13,1.532013766192589,TRUE,2023-11-30 21:45:30,-2.33,4.9,-2.19
146,player4,Front Stanchion Pole Base,27.91629582452352,2.4620807501886697,FALSE,41,1.459967875675014,FALSE,2023-11-30 21:46:30,2.41,2.92,-4.75
147,player4,Front Stanchion Base,17.60417847000864,1.216904767630412,FALSE,64,1.3037868863511743,FALSE,2023-11-30 21:47:30,-4.28,2.18,3.63
148,player4,Front Stanchion Cross Piece,13.525122461520764,3.0269563229412806,FALSE,92,1.5269853305674936,FALSE,2023-11-30 21:48:30,-4.02,-4.34,-3.28
149,player4,Front Stanchion Fish,15.128254842044537,2.246058077697993,TRUE,89,7.507732478291738,FALSE,2023-11-30 21:49:30,0.6,3.74,1.3
150,player4,Front Stanchion Post,29.328543275263176,1.3828731190396122,FALSE,31,1.0129268988770663,TRUE,2023-11-30 21:50:30,-0.64,-2.49,3.45
151,player4,Front Stancion Base Hole,13.921544083239507,3.242311214676848,TRUE,46,9.695999695,TRUE,2023-11-30 21:51:30,4.62,2.5,3.09
152,player4,Gunwale,11.482329008716125,3.7428710618011483,FALSE,4,4.621444241,FALSE,2023-11-30 21:52:30,1.1,-2.16,-0.1
153,player4,Hull Mounting,26.206586838698104,2.088268481804998,FALSE,97,1.1945804069462265,TRUE,2023-11-30 21:53:30,-0.79,-2.34,3.22
154,player4,Keel,21.215042130728047,1.0411706214569527,FALSE,69,1,FALSE,2023-11-30 21:54:30,-1.03,2.58,-3.74
155,player4,Keelson Mesh,19.687598750965208,2.8591876050150975,FALSE,40,1.6495240846196182,FALSE,2023-11-30 21:55:30,4.84,4.09,-2.42
156,player4,Knee,16.907462482791132,2.5780475342978697,FALSE,66,1,TRUE,2023-11-30 21:56:30,-1.71,-1.68,4.14
157,player4,Upper Knee,11.995805947829956,1.967991809,FALSE,34,1.4176330241173465,FALSE,2023-11-30 21:57:30,4.98,4.46,2.25
158,player4,Mast,18.730174813832136,1.9745178636407792,TRUE,61,5.440385962350058,FALSE,2023-11-30 21:58:30,-4.26,1.54,-2.13
159,player4,Mast Lock,22.65273741579051,3.1983180733550047,FALSE,53,2.3365065429886616,FALSE,2023-11-30 21:59:30,0.08,-3.94,2.25
160,player4,Mast Stanchion Cross Piece,28.646282832738187,3.3862941435194642,FALSE,33,1,FALSE,2023-11-30 22:00:30,-4.86,3.02,2
161,player4,Mast Stanchion,27.901995303113935,3.651779287,FALSE,34,2.4518542541009642,FALSE,2023-11-30 22:01:30,-0.59,-2.97,-3.7
162,player4,Mastfish,29.760229195592906,2.3589623845500456,TRUE,12,5.966213523354883,TRUE,2023-11-30 22:02:30,-4.81,1.06,-2.18
163,player4,Mastfish Base,20.010553897368442,2.7240989909012256,FALSE,81,1,FALSE,2023-11-30 22:03:30,4.94,4.71,2.97
164,player4,Neck,20.512324155356836,2.916710787200981,FALSE,6,2.7666368677333852,TRUE,2023-11-30 22:04:30,2.11,4.38,0.81
165,player4,Oar,16.63578166256594,2.8988110456982357,TRUE,37,2.70878825,TRUE,2023-11-30 22:05:30,-3.03,2.52,4.72
166,player4,Rear Stanchion Base,12.198084160837304,1.5935425856801437,FALSE,65,1.0853766822713697,FALSE,2023-11-30 22:06:30,2.65,-0.47,-0.29
167,player4,Rear Stanchion Cross Piece,22.108676723387106,1.5331944767462824,FALSE,9,2.7484300777466726,TRUE,2023-11-30 22:07:30,4.64,1.07,3.92
168,player4,Rear Stanchion Fish,14.159815101403158,3.1819083832808537,TRUE,79,2.0814508706754147,TRUE,2023-11-30 22:08:30,-3.31,-0.61,0.18
169,player4,Rear Stanchion Pole Base,14.821845308261558,3.142281094,TRUE,42,1,FALSE,2023-11-30 22:09:30,4.34,0.41,4.68
170,player4,Rear Stanchion Post,17.532809414438653,2.4477635260220474,TRUE,95,2.0657582226193876,FALSE,2023-11-30 22:10:30,-2.19,4.45,-1.55
171,player4,Rear Stancion Base Hole,23.747528028168155,1.389572177855705,FALSE,84,1.5988474818175877,FALSE,2023-11-30 22:11:30,4.46,-2.9,-3.89
172,player4,Rib,18.867612901693512,3.0930145003303458,TRUE,91,4.7777783606763355,TRUE,2023-11-30 22:12:30,4.94,-3.79,4.63
173,player4,Strake,11.56030033662136,3.890438237208239,FALSE,89,2.383480776168646,FALSE,2023-11-30 22:13:30,-1.52,-4.16,-4.76
174,player4,Tiller,17.883772083595357,1.2211722678810193,TRUE,52,1.2585071594472177,FALSE,2023-11-30 22:14:30,-3.51,4.74,3.13
175,player5,Beam Pillar,11.673806619714917,3.3973667215132552,TRUE,94,2.3055509899631126,TRUE,2023-11-30 21:40:30,2.19,-0.44,1.19
176,player5,Blade,17.180945883230354,3.778094911630854,FALSE,0,1.448294682062003,TRUE,2023-11-30 21:41:30,0.9,-3.27,-4.98
177,player5,Brace - Inside,23.43390534623417,2.9786147472895137,FALSE,92,7.740075962836334,FALSE,2023-11-30 21:42:30,0,4.63,-3.86
178,player5,Brace - Outside,22.733297729187854,3.654147447405568,FALSE,39,9.341600569817366,TRUE,2023-11-30 21:43:30,3.15,2.15,-3.64
179,player5,Cross Beam,26.561762418260216,1.3522475678300747,FALSE,18,1,TRUE,2023-11-30 21:44:30,-1.94,1.03,-0.85
180,player5,Deck Board,19.82102360793067,3.8417582166786715,FALSE,76,1.346545028813098,TRUE,2023-11-30 21:45:30,3.32,-4.16,3.19
181,player5,Front Stanchion Pole Base,22.652742341930974,2.3491951123888013,TRUE,80,5.949488080688326,TRUE,2023-11-30 21:46:30,1.41,4.71,-2.87
182,player5,Front Stanchion Base,24.255186993033504,1.8957064253198683,FALSE,50,7.359291558459579,TRUE,2023-11-30 21:47:30,0.73,1.22,1.14
183,player5,Front Stanchion Cross Piece,28.07240155324517,1.2232219808271387,TRUE,70,1,TRUE,2023-11-30 21:48:30,-3.24,-2.67,4.33
184,player5,Front Stanchion Fish,16.908223244726628,1.5095411190653403,TRUE,48,1.4277611180336005,FALSE,2023-11-30 21:49:30,-3.08,-2.65,3.38
185,player5,Front Stanchion Post,22.115826962288207,2.8428970137928085,TRUE,30,1,FALSE,2023-11-30 21:50:30,1.47,0.27,0.95
186,player5,Front Stancion Base Hole,10.331272870668345,3.768916454097043,FALSE,59,1.8073890390896046,TRUE,2023-11-30 21:51:30,-2.69,-3.91,-3.76
187,player5,Gunwale,22.587317364147317,3.5709266973752216,TRUE,57,2.6145462364190473,TRUE,2023-11-30 21:52:30,1.6,4.52,3.38
188,player5,Hull Mounting,24.514028900217134,3.8764107382174466,TRUE,84,1.048161005251821,FALSE,2023-11-30 21:53:30,3.27,-1.49,1.98
189,player5,Keel,25.116787054213702,1.1155008714220296,FALSE,41,3.1213951968505746,TRUE,2023-11-30 21:54:30,2.21,-1.59,4.53
190,player5,Keelson Mesh,26.55896173254898,2.369814386026842,TRUE,80,3.6071391568796747,FALSE,2023-11-30 21:55:30,0.61,-3.86,-0.84
191,player5,Knee,21.692815014546703,1.0934400829221678,FALSE,93,2.9203174292313387,TRUE,2023-11-30 21:56:30,-1.78,3.71,-2.9
192,player5,Upper Knee,18.66628837649089,1.6211061136636506,TRUE,41,1,FALSE,2023-11-30 21:57:30,2.31,-0.66,-2.53
193,player5,Mast,13.02048182936283,1.5587500549547868,TRUE,62,2.191190652719739,TRUE,2023-11-30 21:58:30,4.79,-4.63,-2.7
194,player5,Mast Lock,20.998996815322002,3.071314803,FALSE,59,5.385485253915806,FALSE,2023-11-30 21:59:30,2.08,2.62,-3.65
195,player5,Mast Stanchion Cross Piece,10.650733981645516,3.645277036399013,TRUE,69,4.245208344537536,TRUE,2023-11-30 22:00:30,-4.46,1.26,3.92
196,player5,Mast Stanchion,15.005015888121466,2.3008711099505623,TRUE,47,3.6731108687333043,FALSE,2023-11-30 22:01:30,-2.02,1.14,-4.54
197,player5,Mastfish,21.561472264528604,1.5426401630613469,TRUE,29,2.610486228787687,FALSE,2023-11-30 22:02:30,-3.08,4.11,1.91
198,player5,Mastfish Base,16.480951154101685,2.4759830289273315,TRUE,58,5.229709477,FALSE,2023-11-30 22:03:30,-4.55,4.18,-3.08
199,player5,Neck,25.069831669816402,1.2613165097088936,TRUE,22,6.436885355626722,FALSE,2023-11-30 22:04:30,0.84,-3.54,0.15
200,player5,Oar,29.058297639646867,2.933384331,FALSE,45,1.254846270086037,FALSE,2023-11-30 22:05:30,0.71,-2.51,1.7
201,player5,Rear Stanchion Base,15.464534081561215,3.211285159436218,TRUE,23,1.0196063902706274,TRUE,2023-11-30 22:06:30,1.97,-3.85,0.74
202,player5,Rear Stanchion Cross Piece,17.466248141575726,2.2721029924502907,FALSE,11,1.714895221432338,TRUE,2023-11-30 22:07:30,-2.07,-1.83,-2.22
203,player5,Rear Stanchion Fish,11.344914254731561,3.086439385141055,FALSE,15,7.457077010755982,TRUE,2023-11-30 22:08:30,-2.2,0.04,-4.69
204,player5,Rear Stanchion Pole Base,11.20427696806107,2.8371451557297234,FALSE,81,2.985398021405232,FALSE,2023-11-30 22:09:30,3.52,-0.67,4.76
205,player5,Rear Stanchion Post,29.631964460086095,2.0712451450248857,TRUE,56,2.916130384050535,FALSE,2023-11-30 22:10:30,-3.64,-3.67,-2.48
206,player5,Rear Stancion Base Hole,21.443522616566142,3.5761802218681966,FALSE,6,4.757151027,TRUE,2023-11-30 22:11:30,-3.1,1.85,1.24
207,player5,Rib,20.52356880987608,2.151957052619154,FALSE,75,5.2135387324007265,TRUE,2023-11-30 22:12:30,-3.77,0.36,-3.34
208,player5,Strake,24.268200341261018,1.7756162333597345,TRUE,57,4.424617956164038,FALSE,2023-11-30 22:13:30,1.44,4.05,0.64
209,player5,Tiller,19.362990131352362,2.2741931297904068,TRUE,94,2.3491063843551903,FALSE,2023-11-30 22:14:30,4.06,4.49,4.97
210,player6,Beam Pillar,23.161707897961247,1.3682176162232282,FALSE,44,3.700624706288086,TRUE,2023-11-30 21:40:30,0.38,-1.25,1.59
211,player6,Blade,23.511151025583693,1.308467554077665,FALSE,51,2.6350228134628457,TRUE,2023-11-30 21:41:30,-3.31,1.02,-2.5
212,player6,Brace - Inside,20.23154394,3.9527958301740473,TRUE,9,1.5481539567442864,TRUE,2023-11-30 21:42:30,4.64,-1.2,2.58
213,player6,Brace - Outside,17.634986833647766,3.711825587502034,TRUE,16,2.846363908657085,TRUE,2023-11-30 21:43:30,1.83,-0.48,2.49
214,player6,Cross Beam,14.379065432309934,2.1649805200606687,FALSE,10,1.4127544095437212,FALSE,2023-11-30 21:44:30,-1.55,-4.69,-1.06
215,player6,Deck Board,17.654650493694923,2.470103461561962,TRUE,77,1.5849141450509174,TRUE,2023-11-30 21:45:30,-1.64,-3.82,-4.55
216,player6,Front Stanchion Pole Base,24.437435039018414,3.3573236285047297,TRUE,31,5.052438168937699,TRUE,2023-11-30 21:46:30,-0.02,-0.23,0.36
217,player6,Front Stanchion Base,12.401064907407179,2.599551373159317,TRUE,23,3.174145232211891,FALSE,2023-11-30 21:47:30,-2.79,1.78,-1.21
218,player6,Front Stanchion Cross Piece,11.04697333503794,2.2190246809636456,FALSE,83,2.133758749478244,FALSE,2023-11-30 21:48:30,4.42,3.78,2.97
219,player6,Front Stanchion Fish,18.561576587223744,1.4334773153364193,TRUE,27,5.095056509107672,TRUE,2023-11-30 21:49:30,0.62,1.07,-2.2
220,player6,Front Stanchion Post,16.12552436918643,3.7324802638329446,TRUE,47,5.299459399920044,TRUE,2023-11-30 21:50:30,-2.77,-4.25,4.31
221,player6,Front Stancion Base Hole,26.764041200709723,2.538741101431036,FALSE,15,2.708215299399308,TRUE,2023-11-30 21:51:30,1.95,-0.89,-1.18
222,player6,Gunwale,13.060496676840877,3.962060317059845,TRUE,21,1.1000075667897402,FALSE,2023-11-30 21:52:30,-1.03,4.35,-3.09
223,player6,Hull Mounting,25.45166232,1.694545637001566,TRUE,33,6.371976475905474,TRUE,2023-11-30 21:53:30,-4.43,-2.38,-3.59
224,player6,Keel,25.119985912566243,3.4539911400638816,TRUE,80,2.065317254912774,FALSE,2023-11-30 21:54:30,3.21,3.93,-0.08
225,player6,Keelson Mesh,27.71022806254763,2.7432241213307376,FALSE,80,3.3337135489260903,FALSE,2023-11-30 21:55:30,2,3.13,4.92
226,player6,Knee,16.619900847130403,3.6613534433109534,TRUE,23,1,TRUE,2023-11-30 21:56:30,1.5,-3.56,3.42
227,player6,Upper Knee,13.554890427504356,3.5743116244455715,FALSE,67,2.803605372804763,FALSE,2023-11-30 21:57:30,1.21,2.77,-4.64
228,player6,Mast,29.951697232330556,3.7565057093207734,TRUE,82,1,TRUE,2023-11-30 21:58:30,1.51,2.33,3.41
229,player6,Mast Lock,11.449686987646242,3.1189292651811016,TRUE,23,3.110832461459796,TRUE,2023-11-30 21:59:30,3,-2.31,2.3
230,player6,Mast Stanchion Cross Piece,16.043165062158984,3.3060049559023246,FALSE,12,3.5513332750491777,FALSE,2023-11-30 22:00:30,-3.82,-4.11,0.93
231,player6,Mast Stanchion,15.357983611638083,3.560822329523445,FALSE,41,4.09474536,TRUE,2023-11-30 22:01:30,0.01,1.85,-1.02
232,player6,Mastfish,19.33207245,3.5668154742309914,TRUE,88,5.5955022421579255,TRUE,2023-11-30 22:02:30,-3.95,2.58,4.91
233,player6,Mastfish Base,19.176713472851528,1.4830931058688475,TRUE,38,2.2068248358974656,FALSE,2023-11-30 22:03:30,4.7,-2.16,2.2
234,player6,Neck,21.57913667750566,2.2892054444462238,FALSE,87,1,TRUE,2023-11-30 22:04:30,0.26,-3.64,-1.23
235,player6,Oar,16.741589611121807,1.4740009516501087,FALSE,22,5.233121680666396,FALSE,2023-11-30 22:05:30,3.06,-1.91,4.64
236,player6,Rear Stanchion Base,23.27644120147197,2.6462421110170204,TRUE,70,2.4490764407698764,TRUE,2023-11-30 22:06:30,-0.39,2.95,-1.42
237,player6,Rear Stanchion Cross Piece,28.83918448126321,2.351528426836569,FALSE,75,9.839273296573642,TRUE,2023-11-30 22:07:30,0.9,1.39,2.85
238,player6,Rear Stanchion Fish,16.97709402889797,2.785322846683528,TRUE,70,1,FALSE,2023-11-30 22:08:30,-3.39,-4.5,-4.49
239,player6,Rear Stanchion Pole Base,23.77663222,1.6629456829778633,TRUE,72,2.0292178882350362,FALSE,2023-11-30 22:09:30,-0.38,4.12,4.53
240,player6,Rear Stanchion Post,28.977571009249363,3.9031883798988325,TRUE,25,2.9093440920756355,FALSE,2023-11-30 22:10:30,-3.29,4.12,-1.33
241,player6,Rear Stancion Base Hole,15.726769852012346,3.974646687539369,FALSE,55,2.374902766159066,TRUE,2023-11-30 22:11:30,-0.32,-0.09,-2.98
242,player6,Rib,25.509728912336683,2.839636155850463,FALSE,75,9.634437325851396,FALSE,2023-11-30 22:12:30,-2.46,1.05,-1.69
243,player6,Strake,27.736306982830413,3.4485186426347005,FALSE,1,3.374964802456735,TRUE,2023-11-30 22:13:30,-0.58,-1.89,1.72
244,player6,Tiller,18.343899020150896,1.5288645212629595,TRUE,83,5.790559479657035,TRUE,2023-11-30 22:14:30,-1.62,1.48,3.64
245,player7,Beam Pillar,25.531116666198074,1.4724748777682577,FALSE,44,1.625675511,TRUE,2023-11-30 21:40:30,-2.11,-3.35,3.1
246,player7,Blade,23.193369497002244,2.0896805097788405,TRUE,39,6.610468423361627,TRUE,2023-11-30 21:41:30,-4.78,1.49,-3.65
247,player7,Brace - Inside,14.868409905320982,1.4831915493704142,FALSE,13,9.254016361041874,TRUE,2023-11-30 21:42:30,4.58,4.29,-4.72
248,player7,Brace - Outside,26.78174439172969,1.7892097262905753,FALSE,83,2.8095043062060716,FALSE,2023-11-30 21:43:30,-4.24,-3.57,4.8
249,player7,Cross Beam,11.272043553571612,2.551477267792473,TRUE,15,1.9276376092821192,FALSE,2023-11-30 21:44:30,2.47,-3.46,2.25
250,player7,Deck Board,14.691843035038087,2.4010994041365983,TRUE,79,4.299566101186621,TRUE,2023-11-30 21:45:30,-1.33,3.25,3.69
251,player7,Front Stanchion Pole Base,13.382623491735636,1.0247304634136623,TRUE,91,8.482146389636291,FALSE,2023-11-30 21:46:30,1.23,-4.78,-2.18
252,player7,Front Stanchion Base,14.700991276158115,1.8730979685857263,FALSE,72,4.563979326293826,FALSE,2023-11-30 21:47:30,2.02,-4.6,4.46
253,player7,Front Stanchion Cross Piece,15.965774143839859,3.005833368596059,TRUE,41,1.6832603403975832,TRUE,2023-11-30 21:48:30,2.48,-1.82,-3.74
254,player7,Front Stanchion Fish,27.638863882123868,1.9864934818411175,FALSE,85,7.45021447,FALSE,2023-11-30 21:49:30,-1.53,0.11,-3.65
255,player7,Front Stanchion Post,28.439569255201405,1.8758281657120053,TRUE,23,1.6469841207883995,TRUE,2023-11-30 21:50:30,1.16,-2.13,1.09
256,player7,Front Stancion Base Hole,13.300053316263954,1.3244387121361112,FALSE,32,2.3235004763735594,TRUE,2023-11-30 21:51:30,3.4,2.55,-1.85
257,player7,Gunwale,11.541657741322016,2.7995715897297835,FALSE,98,1.2745081383774577,FALSE,2023-11-30 21:52:30,3.14,-0.83,-1.74
258,player7,Hull Mounting,22.501962570953825,3.627488506,TRUE,61,7.631244134,TRUE,2023-11-30 21:53:30,-4.41,0.31,2.26
259,player7,Keel,14.852626872628436,1.785291393688587,TRUE,88,2.537403422987483,FALSE,2023-11-30 21:54:30,-3.75,4.61,4.26
260,player7,Keelson Mesh,24.10557532239304,2.0986908782750797,FALSE,96,1.0353551426237635,TRUE,2023-11-30 21:55:30,1.23,-0.83,-0.86
261,player7,Knee,16.348029658800613,3.881350527810952,TRUE,62,4.635784915,TRUE,2023-11-30 21:56:30,2.78,2.15,-4.23
262,player7,Upper Knee,27.004751774736842,1.1115951065945913,TRUE,24,6.335011767592302,FALSE,2023-11-30 21:57:30,-1.24,1.69,-4.67
263,player7,Mast,11.866278407702149,2.732502191543348,TRUE,5,1.608711660838528,FALSE,2023-11-30 21:58:30,4.42,4.75,-0.48
264,player7,Mast Lock,21.602853944433395,2.6093764238037163,TRUE,84,6.165678370157188,TRUE,2023-11-30 21:59:30,-2.03,4.61,2.35
265,player7,Mast Stanchion Cross Piece,24.90049151049269,3.446884206460467,TRUE,71,5.2531763562457385,TRUE,2023-11-30 22:00:30,2.67,0.07,2.74
266,player7,Mast Stanchion,26.36622444321952,2.1641489210601708,FALSE,56,1.5084909740002836,TRUE,2023-11-30 22:01:30,4.81,3.26,2.58
267,player7,Mastfish,14.876411907662355,2.0062632235207682,TRUE,93,1.1072748382559598,TRUE,2023-11-30 22:02:30,-1.03,-2.69,4.24
268,player7,Mastfish Base,29.726881632170837,3.7760290270014227,FALSE,18,7.693191894534832,FALSE,2023-11-30 22:03:30,-2.47,-1.97,-1.54
269,player7,Neck,25.163639425621838,3.7125676049581546,FALSE,71,4.931343442331605,TRUE,2023-11-30 22:04:30,-2.93,2.59,-2.03
270,player7,Oar,26.70103305,3.9753414661569866,FALSE,14,1,FALSE,2023-11-30 22:05:30,-0.19,4.42,1.5
271,player7,Rear Stanchion Base,12.120539343290513,1.5938187664877237,FALSE,1,3.6092637315448646,FALSE,2023-11-30 22:06:30,1.88,-1.63,0.43
272,player7,Rear Stanchion Cross Piece,24.98408451748161,2.8237352002060576,TRUE,30,1.4760577814259817,FALSE,2023-11-30 22:07:30,-2.41,1.4,-2.42
273,player7,Rear Stanchion Fish,13.039036621714978,3.7191844358955306,TRUE,47,3.543219647873745,TRUE,2023-11-30 22:08:30,3.09,-4.26,1.05
274,player7,Rear Stanchion Pole Base,11.78662024859522,1.4618145292454314,FALSE,2,5.540794972094821,TRUE,2023-11-30 22:09:30,-1.95,4.12,-1.77
275,player7,Rear Stanchion Post,14.578743341598058,1.4689841172374618,FALSE,62,4.898612760311744,TRUE,2023-11-30 22:10:30,-4.04,-1.41,-2
276,player7,Rear Stancion Base Hole,19.099107202796272,2.3544607077732334,FALSE,61,1,FALSE,2023-11-30 22:11:30,2.34,-3.73,-4.37
277,player7,Rib,24.30732274482333,2.397428048879987,TRUE,42,1.7875842975233955,FALSE,2023-11-30 22:12:30,0.93,-4.04,-3.27
278,player7,Strake,27.471287552103195,2.1062646446885758,TRUE,54,3.4784248947634646,TRUE,2023-11-30 22:13:30,2.53,-1.02,4.25
279,player7,Tiller,21.065862526957417,3.760078010606108,TRUE,68,1.5212034565741828,TRUE,2023-11-30 22:14:30,0.19,3.98,2
280,player8,Beam Pillar,11.619837557007294,2.925781078836643,TRUE,99,1.7196732415881562,FALSE,2023-11-30 21:40:30,4.51,-2.47,-0.93
281,player8,Blade,23.19305641306859,2.557855181876469,FALSE,86,1.8015186164923238,FALSE,2023-11-30 21:41:30,4.63,-2.1,-1.67
282,player8,Brace - Inside,22.492725264908163,1.4927657352812944,TRUE,50,5.001367562341988,FALSE,2023-11-30 21:42:30,4.55,2.27,4.88
283,player8,Brace - Outside,12.644710452666224,2.221425815583032,FALSE,83,3.168181543045392,TRUE,2023-11-30 21:43:30,-0.06,-1.05,0.09
284,player8,Cross Beam,10.25975947237447,1.2116841986057496,TRUE,17,1.734919819459046,TRUE,2023-11-30 21:44:30,-3.08,1.72,2.32
285,player8,Deck Board,26.87051512,2.4566379092786184,FALSE,55,1.8510148237584967,TRUE,2023-11-30 21:45:30,-0.14,1.37,2.04
286,player8,Front Stanchion Pole Base,28.54385549187424,3.0330981106957973,TRUE,25,1.0161761387366364,FALSE,2023-11-30 21:46:30,-4.56,-1.56,0.52
287,player8,Front Stanchion Base,14.942573662669167,1.8948676953525063,FALSE,71,1.6783978056300262,FALSE,2023-11-30 21:47:30,-0.95,-3.52,-4.75
288,player8,Front Stanchion Cross Piece,17.054037213570766,2.945732388436035,TRUE,26,1.0477170719282465,TRUE,2023-11-30 21:48:30,2.26,-2.6,-0.68
289,player8,Front Stanchion Fish,21.352256021505653,1.8873705577461308,TRUE,39,1.0433220839186037,FALSE,2023-11-30 21:49:30,-4.97,-0.32,0.62
290,player8,Front Stanchion Post,12.759230008137765,3.269668171730473,FALSE,55,2.421370685767341,FALSE,2023-11-30 21:50:30,-2.02,2.71,3.5
291,player8,Front Stancion Base Hole,12.006839770290437,1.348158705362646,TRUE,35,7.438381226,FALSE,2023-11-30 21:51:30,0.47,2.86,1.47
292,player8,Gunwale,20.46916125551063,2.4144161811687472,TRUE,17,1.5307168093740047,FALSE,2023-11-30 21:52:30,-4.54,3.76,2.22
293,player8,Hull Mounting,13.435821315080725,1.0494279496133139,FALSE,34,1.120036699731596,FALSE,2023-11-30 21:53:30,1.14,4.74,-4.88
294,player8,Keel,18.273158343226413,2.287632203539418,TRUE,35,1,FALSE,2023-11-30 21:54:30,-2.61,4.46,0.64
295,player8,Keelson Mesh,20.015584716049176,2.582349340477139,TRUE,5,2.068582719831433,TRUE,2023-11-30 21:55:30,3.85,4.1,3.46
296,player8,Knee,29.34210004649382,1.3228309367035331,FALSE,85,1.7438189341739714,FALSE,2023-11-30 21:56:30,-4.13,-0.66,-0.99
297,player8,Upper Knee,21.25973244,3.614876759646167,FALSE,48,2.48158192,TRUE,2023-11-30 21:57:30,-3.33,2.01,-0.21
298,player8,Mast,26.227415674214626,1.3003414336131565,TRUE,44,1.5723787172980441,FALSE,2023-11-30 21:58:30,0.25,-0.81,-0.17
299,player8,Mast Lock,29.349649467307625,1.3588790083083633,TRUE,100,1.4530493274538068,FALSE,2023-11-30 21:59:30,-2.1,3.34,1.79
300,player8,Mast Stanchion Cross Piece,25.230889026353996,3.001730715,TRUE,48,1.8211036604281978,TRUE,2023-11-30 22:00:30,-3.19,-2.18,2.19
301,player8,Mast Stanchion,28.131050406567518,3.666182406836064,TRUE,95,1,TRUE,2023-11-30 22:01:30,-2.58,-4.49,0.43
302,player8,Mastfish,21.75994505585826,1.693625483826421,FALSE,2,2.386577249204314,TRUE,2023-11-30 22:02:30,-3.94,0.01,-2.98
303,player8,Mastfish Base,17.72338671500809,3.5212888852489463,FALSE,86,9.337915830272644,FALSE,2023-11-30 22:03:30,-2.28,-1.8,-3.43
304,player8,Neck,29.86696358863085,2.048555451817486,TRUE,20,2.771714895401049,FALSE,2023-11-30 22:04:30,1.18,-3.25,1.5
305,player8,Oar,15.838144407824739,2.669377535191712,TRUE,51,2.8291915617768346,FALSE,2023-11-30 22:05:30,0.69,0.88,4.44
306,player8,Rear Stanchion Base,22.800377122101416,2.1764740676882006,TRUE,83,1.1280200560591345,TRUE,2023-11-30 22:06:30,-1.82,-3.6,-2.89
307,player8,Rear Stanchion Cross Piece,11.168581898058719,1.1965530114226404,TRUE,5,1.7650621953664307,FALSE,2023-11-30 22:07:30,4.44,3.87,-4.06
308,player8,Rear Stanchion Fish,24.310672000296115,2.605784187353948,TRUE,66,1.2170045232542146,FALSE,2023-11-30 22:08:30,-1.86,4.47,-3.78
309,player8,Rear Stanchion Pole Base,12.032141639503228,1.342785596914307,FALSE,12,4.271272543428489,FALSE,2023-11-30 22:09:30,-2.63,-3.67,3.55
310,player8,Rear Stanchion Post,12.473296806089305,2.1068955321674165,FALSE,85,1.365046824464381,FALSE,2023-11-30 22:10:30,-2.69,3.11,-4.58
311,player8,Rear Stancion Base Hole,23.373206518233037,2.880501345620572,TRUE,6,7.267590880196303,TRUE,2023-11-30 22:11:30,-0.36,0.68,3.27
312,player8,Rib,21.550826623912958,3.7518153805350716,FALSE,45,5.457622890532849,FALSE,2023-11-30 22:12:30,-4.57,0.77,2.08
313,player8,Strake,15.710708699998118,2.668459213456712,FALSE,43,1,TRUE,2023-11-30 22:13:30,-2.58,3.58,-1.99
314,player8,Tiller,20.963474052353334,2.0303112958998093,TRUE,34,4.814746884773001,TRUE,2023-11-30 22:14:30,-4.38,2.22,-0.6
315,player9,Beam Pillar,28.10583564,1.946190016980189,TRUE,49,9.941078587156793,TRUE,2023-11-30 21:40:30,-0.1,1.53,-0.48
316,player9,Blade,17.592434774569455,1.8902830229948102,TRUE,38,6.915894374559117,TRUE,2023-11-30 21:41:30,3.05,-0.53,-2.37
317,player9,Brace - Inside,19.21037211,3.305742300704621,FALSE,35,1.2869364483216228,TRUE,2023-11-30 21:42:30,-2.26,-4.74,-1.06
318,player9,Brace - Outside,20.28149939660412,1.818227328652257,FALSE,70,2.291264676295088,TRUE,2023-11-30 21:43:30,2.9,-4.96,-2.98
319,player9,Cross Beam,21.09309032,2.584264606267944,TRUE,37,1.9879822046847158,FALSE,2023-11-30 21:44:30,1.87,-4.11,-4.63
320,player9,Deck Board,14.715644611995902,2.5207470782266235,TRUE,11,3.7046543856583463,TRUE,2023-11-30 21:45:30,2.32,-4.39,3.51
321,player9,Front Stanchion Pole Base,26.836455693285814,2.541933680480816,TRUE,65,8.055521036449722,TRUE,2023-11-30 21:46:30,2.16,-1.48,3.61
322,player9,Front Stanchion Base,22.25374448090238,2.6834792009866564,FALSE,77,3.353728941015156,TRUE,2023-11-30 21:47:30,-4.04,-0.36,0.46
323,player9,Front Stanchion Cross Piece,29.689587490793855,3.3775507944090557,TRUE,38,1,FALSE,2023-11-30 21:48:30,3.35,0.52,2.98
324,player9,Front Stanchion Fish,28.905236258834943,2.027086294553368,FALSE,0,4.0520895880563375,FALSE,2023-11-30 21:49:30,0.32,1.19,1.45
325,player9,Front Stanchion Post,18.738434971108653,3.8415904766781495,TRUE,7,2.7590102699613164,FALSE,2023-11-30 21:50:30,-2.37,3.75,-4.2
326,player9,Front Stancion Base Hole,18.14336791079348,1.8754878644071673,FALSE,94,3.891066121886967,TRUE,2023-11-30 21:51:30,2.74,-0.66,-3.83
327,player9,Gunwale,18.95353181811073,3.926528476412142,FALSE,100,3.3749051528699026,TRUE,2023-11-30 21:52:30,-2.71,3.06,-0.98
328,player9,Hull Mounting,15.025890017143082,3.12147686,FALSE,30,3.4547211447602573,TRUE,2023-11-30 21:53:30,-2.55,-4.6,4.81
329,player9,Keel,27.73403462553359,1.3169000723967628,FALSE,1,6.383286576989214,FALSE,2023-11-30 21:54:30,-2.81,-3.26,3.22
330,player9,Keelson Mesh,10.57940001622017,1.0124633776323242,FALSE,100,1.4860653165534763,FALSE,2023-11-30 21:55:30,-3.23,4.99,3.73
331,player9,Knee,19.28007388878045,1.5590610518030985,TRUE,48,1.6411207977589628,FALSE,2023-11-30 21:56:30,2.93,-2.81,4.06
332,player9,Upper Knee,29.14436194459598,3.585798153425288,TRUE,21,6.198515105284442,TRUE,2023-11-30 21:57:30,4.97,-3.85,-4.05
333,player9,Mast,14.116833744431789,2.3794247354099314,FALSE,41,2.6377134687338373,TRUE,2023-11-30 21:58:30,-3.78,-3.12,-3.27
334,player9,Mast Lock,10.832880833606165,1.6481247922614122,FALSE,1,7.458850104888313,TRUE,2023-11-30 21:59:30,-1.02,-1.53,1.83
335,player9,Mast Stanchion Cross Piece,13.854794147181488,1.7282943732796543,FALSE,91,5.040515168116433,FALSE,2023-11-30 22:00:30,-0.05,-0.22,-2.23
336,player9,Mast Stanchion,15.87474197772133,3.7767227168071864,FALSE,78,1.3124375778880073,TRUE,2023-11-30 22:01:30,0.13,3.41,-2.52
337,player9,Mastfish,28.996065084897037,3.5458069496537137,TRUE,27,1.738772504177334,TRUE,2023-11-30 22:02:30,-3.79,-0.88,-0.87
338,player9,Mastfish Base,10.64102399733967,3.796293129011807,TRUE,51,5.559431311399816,FALSE,2023-11-30 22:03:30,-2.38,-3.09,3.67
339,player9,Neck,10.249884215093047,1.092842203475009,TRUE,74,4.204275522060636,FALSE,2023-11-30 22:04:30,0.24,1.44,-0.71
340,player9,Oar,15.676642449558384,1.4386783181256146,TRUE,85,1.7828199407719294,FALSE,2023-11-30 22:05:30,0.14,1.99,0.94
341,player9,Rear Stanchion Base,12.272561081955754,3.352432529652926,FALSE,59,5.511027795,TRUE,2023-11-30 22:06:30,4.24,0.95,1.98
342,player9,Rear Stanchion Cross Piece,25.76300514,3.2859084314153866,TRUE,67,2.721105666367354,FALSE,2023-11-30 22:07:30,-2.37,4.52,1.14
343,player9,Rear Stanchion Fish,13.634181686584299,3.176327405826024,FALSE,51,2.6979214059055865,FALSE,2023-11-30 22:08:30,2.84,4.41,-1.25
344,player9,Rear Stanchion Pole Base,18.53864141773216,2.5014745585093636,FALSE,52,6.048428175405116,TRUE,2023-11-30 22:09:30,2.33,1.3,2.72
345,player9,Rear Stanchion Post,14.417758203590573,1.2580603137123494,FALSE,47,1.823381561352282,FALSE,2023-11-30 22:10:30,0.59,-3.08,2.72
346,player9,Rear Stancion Base Hole,12.546160210664947,1.2856248400336763,FALSE,23,3.2986473633061837,FALSE,2023-11-30 22:11:30,2.78,-1.71,-1.19
347,player9,Rib,26.665165271782627,3.4902961343938435,FALSE,38,1.8441049598849677,FALSE,2023-11-30 22:12:30,4.28,-1.87,4.03
348,player9,Strake,15.650692982782283,2.653696846407082,TRUE,99,1.7903993702668881,TRUE,2023-11-30 22:13:30,3.61,3.92,-0.2
349,player9,Tiller,22.473135096860585,3.5034011234643083,FALSE,82,5.257525806927587,TRUE,2023-11-30 22:14:30,3.13,-1.59,2.77
350,player10,Beam Pillar,15.75511714275548,3.9566390388499904,TRUE,95,5.557455475637025,TRUE,2023-11-30 21:40:30,-2.93,-1.85,0.8
351,player10,Blade,29.22266034681066,2.3925137637842546,TRUE,61,1.8744457273641288,FALSE,2023-11-30 21:41:30,1.58,-3.79,-1.32
352,player10,Brace - Inside,29.755943226179422,1.0261030916035954,TRUE,79,8.243071485,FALSE,2023-11-30 21:42:30,-0.32,4.73,3.77
353,player10,Brace - Outside,18.782564926929613,3.216682335917948,TRUE,49,1.349925850312935,FALSE,2023-11-30 21:43:30,-1.01,4.67,-3.23
354,player10,Cross Beam,13.883859482038599,3.4092496671275367,TRUE,99,5.549123472324848,TRUE,2023-11-30 21:44:30,4.71,-1.2,-0.38
355,player10,Deck Board,12.83298584679136,1.774530949235838,TRUE,83,5.936112020659509,FALSE,2023-11-30 21:45:30,-3.59,2.61,4.39
356,player10,Front Stanchion Pole Base,20.43696913970912,2.6684117568091255,FALSE,98,5.977611017928342,FALSE,2023-11-30 21:46:30,1.49,2.15,0.08
357,player10,Front Stanchion Base,10.345225374548813,3.480552318618761,TRUE,4,7.357156398869098,FALSE,2023-11-30 21:47:30,2.59,-1.28,-0.74
358,player10,Front Stanchion Cross Piece,25.344427002324707,1.9146468902688638,FALSE,13,4.2951528913375885,TRUE,2023-11-30 21:48:30,4.15,1.94,2.56
359,player10,Front Stanchion Fish,21.522146712980813,2.567592406,FALSE,36,2.8465777185447374,FALSE,2023-11-30 21:49:30,-0.2,0.99,0.28
360,player10,Front Stanchion Post,17.84778041688191,2.4954244851023453,TRUE,71,2.112949132059284,FALSE,2023-11-30 21:50:30,-2.57,-0.3,-4.06
361,player10,Front Stancion Base Hole,10.971727594939814,2.4007071729951925,FALSE,55,2.228956804186153,TRUE,2023-11-30 21:51:30,2.65,3.7,1.68
362,player10,Gunwale,26.49141599310544,2.424732520183722,FALSE,66,7.8407277607026336,FALSE,2023-11-30 21:52:30,2.82,3.24,0.57
363,player10,Hull Mounting,12.688574567194618,2.413189427043517,TRUE,40,3.4232066068574145,TRUE,2023-11-30 21:53:30,0.01,-2.77,-1.98
364,player10,Keel,11.836133917234852,1.9082722596810686,FALSE,20,1.6364881767976307,FALSE,2023-11-30 21:54:30,-2.93,-4.57,-0.43
365,player10,Keelson Mesh,13.821757168922543,3.545658318324477,TRUE,3,4.607397659775618,TRUE,2023-11-30 21:55:30,4.44,-1.62,0.15
366,player10,Knee,14.486235297611474,2.8089901985582495,FALSE,25,1.2349469370755795,TRUE,2023-11-30 21:56:30,-3.68,-3.59,4.74
367,player10,Upper Knee,24.64070477206664,3.1700516234197202,FALSE,50,4.109349057795134,TRUE,2023-11-30 21:57:30,-2.37,0.98,0.21
368,player10,Mast,10.377558006434134,1.508035947405939,FALSE,77,1.0901629989115011,TRUE,2023-11-30 21:58:30,-2.09,1.27,3.44
369,player10,Mast Lock,22.47139902697829,3.897059451304619,TRUE,98,2.033130878179063,FALSE,2023-11-30 21:59:30,2.13,-0.68,3.15
370,player10,Mast Stanchion Cross Piece,28.058790307252394,1.0328837772815185,TRUE,74,8.140481833,FALSE,2023-11-30 22:00:30,1.27,0.52,1.43
371,player10,Mast Stanchion,12.312989873511864,1.6825178407550914,FALSE,34,1.6569106143518333,FALSE,2023-11-30 22:01:30,-2.16,1.12,-1.2
372,player10,Mastfish,10.538174063473027,1.8074340324320963,FALSE,85,5.8635974461351426,TRUE,2023-11-30 22:02:30,2.57,-2.65,-2.25
373,player10,Mastfish Base,24.679157311476644,2.2889773231943735,TRUE,76,6.694007260970302,TRUE,2023-11-30 22:03:30,0.17,-1.29,1.63
374,player10,Neck,19.27959810241937,2.8548999980128262,TRUE,80,1.7371152393654665,FALSE,2023-11-30 22:04:30,-1.61,1.2,-0.11
375,player10,Oar,18.709259594640542,2.364052488053564,FALSE,91,2.191570987483983,TRUE,2023-11-30 22:05:30,-0.73,-4.86,3.57
376,player10,Rear Stanchion Base,28.622240989740188,2.107916553705396,TRUE,67,2.1002748759040113,TRUE,2023-11-30 22:06:30,2.88,-4.28,1.18
377,player10,Rear Stanchion Cross Piece,24.188628345627272,1.1614914758395423,FALSE,31,6.990892771713941,TRUE,2023-11-30 22:07:30,-2.75,-2.33,3.96
378,player10,Rear Stanchion Fish,12.684601278749138,3.187824164213718,FALSE,5,2.0500592595531417,FALSE,2023-11-30 22:08:30,3.74,0.11,-3.66
379,player10,Rear Stanchion Pole Base,26.64611666783934,1.953181012713777,TRUE,17,1,FALSE,2023-11-30 22:09:30,4.27,-2.52,-3.69
380,player10,Rear Stanchion Post,13.570496504044957,2.4216099406488665,TRUE,23,3.667109885221596,TRUE,2023-11-30 22:10:30,0.58,2.28,-1.03
381,player10,Rear Stancion Base Hole,10.014884664340622,2.3123142343742322,FALSE,99,2.737765287626983,TRUE,2023-11-30 22:11:30,2.24,0.27,-2.08
382,player10,Rib,28.167434150453314,2.099057516925213,FALSE,15,7.429927964330546,TRUE,2023-11-30 22:12:30,0.19,2.28,0.05
383,player10,Strake,18.214602948538566,1.8319272078525763,FALSE,22,4.289603744,TRUE,2023-11-30 22:13:30,-2.19,2.69,-0.32
384,player10,Tiller,27.01439427077007,2.677681729688352,TRUE,59,1,FALSE,2023-11-30 22:14:30,-3.67,4.88,3.58